Index, Altitude (km), Ground Range (km), IHAZE (1 = 23 km vis, 2 = 5 km vis)
1,0.002,0,1,
2,0.002,0.1,1,
3,0.002,0.5,1,
4,0.002,1,1,
5,0.002,2,1,
6,0.002,3,1,
7,0.002,4,1,
8,0.002,5,1,
9,0.0325,0,1,
10,0.0325,0.1,1,
11,0.0325,0.5,1,
12,0.0325,1,1,
13,0.0325,2,1,
14,0.0325,3,1,
15,0.0325,4,1,
16,0.0325,5,1,
17,0.0325,6,1,
18,0.0325,7,1,
19,0.0325,8,1,
20,0.0325,9,1,
21,0.0325,10,1,
22,0.0325,11,1,
23,0.0325,12,1,
24,0.0325,13,1,
25,0.0325,14,1,
26,0.0325,15,1,
27,0.0325,16,1,
28,0.0325,17,1,
29,0.0325,18,1,
30,0.0325,19,1,
31,0.0325,20,1,
32,0.075,0,1,
33,0.075,0.1,1,
34,0.075,0.5,1,
35,0.075,1,1,
36,0.075,2,1,
37,0.075,3,1,
38,0.075,4,1,
39,0.075,5,1,
40,0.075,6,1,
41,0.075,7,1,
42,0.075,8,1,
43,0.075,9,1,
44,0.075,10,1,
45,0.075,11,1,
46,0.075,12,1,
47,0.075,13,1,
48,0.075,14,1,
49,0.075,15,1,
50,0.075,16,1,
51,0.075,17,1,
52,0.075,18,1,
53,0.075,19,1,
54,0.075,20,1,
55,0.075,22,1,
56,0.075,24,1,
57,0.075,26,1,
58,0.075,28,1,
59,0.075,30,1,
60,0.15,0,1,
61,0.15,0.1,1,
62,0.15,0.5,1,
63,0.15,1,1,
64,0.15,2,1,
65,0.15,3,1,
66,0.15,4,1,
67,0.15,5,1,
68,0.15,6,1,
69,0.15,7,1,
70,0.15,8,1,
71,0.15,9,1,
72,0.15,10,1,
73,0.15,11,1,
74,0.15,12,1,
75,0.15,13,1,
76,0.15,14,1,
77,0.15,15,1,
78,0.15,16,1,
79,0.15,17,1,
80,0.15,18,1,
81,0.15,19,1,
82,0.15,20,1,
83,0.15,22,1,
84,0.15,24,1,
85,0.15,26,1,
86,0.15,28,1,
87,0.15,30,1,
88,0.15,32,1,
89,0.15,34,1,
90,0.15,36,1,
91,0.15,38,1,
92,0.15,40,1,
93,0.15,42,1,
94,0.225,0,1,
95,0.225,0.1,1,
96,0.225,0.5,1,
97,0.225,1,1,
98,0.225,2,1,
99,0.225,3,1,
100,0.225,4,1,
101,0.225,5,1,
102,0.225,6,1,
103,0.225,7,1,
104,0.225,8,1,
105,0.225,9,1,
106,0.225,10,1,
107,0.225,11,1,
108,0.225,12,1,
109,0.225,13,1,
110,0.225,14,1,
111,0.225,15,1,
112,0.225,16,1,
113,0.225,17,1,
114,0.225,18,1,
115,0.225,19,1,
116,0.225,20,1,
117,0.225,22,1,
118,0.225,24,1,
119,0.225,26,1,
120,0.225,28,1,
121,0.225,30,1,
122,0.225,32,1,
123,0.225,34,1,
124,0.225,36,1,
125,0.225,38,1,
126,0.225,40,1,
127,0.225,42,1,
128,0.225,44,1,
129,0.225,46,1,
130,0.225,48,1,
131,0.225,50,1,
132,0.225,52,1,
133,0.5,0,1,
134,0.5,0.1,1,
135,0.5,0.5,1,
136,0.5,1,1,
137,0.5,2,1,
138,0.5,3,1,
139,0.5,4,1,
140,0.5,5,1,
141,0.5,6,1,
142,0.5,7,1,
143,0.5,8,1,
144,0.5,9,1,
145,0.5,10,1,
146,0.5,11,1,
147,0.5,12,1,
148,0.5,13,1,
149,0.5,14,1,
150,0.5,15,1,
151,0.5,16,1,
152,0.5,17,1,
153,0.5,18,1,
154,0.5,19,1,
155,0.5,20,1,
156,0.5,22,1,
157,0.5,24,1,
158,0.5,26,1,
159,0.5,28,1,
160,0.5,30,1,
161,0.5,32,1,
162,0.5,34,1,
163,0.5,36,1,
164,0.5,38,1,
165,0.5,40,1,
166,0.5,42,1,
167,0.5,44,1,
168,0.5,46,1,
169,0.5,48,1,
170,0.5,50,1,
171,0.5,52,1,
172,0.5,54,1,
173,0.5,56,1,
174,0.5,58,1,
175,0.5,60,1,
176,0.5,62,1,
177,0.5,64,1,
178,0.5,66,1,
179,0.5,68,1,
180,0.5,70,1,
181,0.5,72,1,
182,0.5,74,1,
183,0.5,76,1,
184,0.5,78,1,
185,1,0,1,
186,1,0.1,1,
187,1,0.5,1,
188,1,1,1,
189,1,2,1,
190,1,3,1,
191,1,4,1,
192,1,5,1,
193,1,6,1,
194,1,7,1,
195,1,8,1,
196,1,9,1,
197,1,10,1,
198,1,11,1,
199,1,12,1,
200,1,13,1,
201,1,14,1,
202,1,15,1,
203,1,16,1,
204,1,17,1,
205,1,18,1,
206,1,19,1,
207,1,20,1,
208,1,22,1,
209,1,24,1,
210,1,26,1,
211,1,28,1,
212,1,30,1,
213,1,32,1,
214,1,34,1,
215,1,36,1,
216,1,38,1,
217,1,40,1,
218,1,42,1,
219,1,44,1,
220,1,46,1,
221,1,48,1,
222,1,50,1,
223,1,52,1,
224,1,54,1,
225,1,56,1,
226,1,58,1,
227,1,60,1,
228,1,62,1,
229,1,64,1,
230,1,66,1,
231,1,68,1,
232,1,70,1,
233,1,72,1,
234,1,74,1,
235,1,76,1,
236,1,78,1,
237,1,80,1,
238,1,85,1,
239,1,90,1,
240,1,95,1,
241,1,100,1,
242,1,105,1,
243,1,110,1,
244,2,0,1,
245,2,0.1,1,
246,2,0.5,1,
247,2,1,1,
248,2,2,1,
249,2,3,1,
250,2,4,1,
251,2,5,1,
252,2,6,1,
253,2,7,1,
254,2,8,1,
255,2,9,1,
256,2,10,1,
257,2,11,1,
258,2,12,1,
259,2,13,1,
260,2,14,1,
261,2,15,1,
262,2,16,1,
263,2,17,1,
264,2,18,1,
265,2,19,1,
266,2,20,1,
267,2,22,1,
268,2,24,1,
269,2,26,1,
270,2,28,1,
271,2,30,1,
272,2,32,1,
273,2,34,1,
274,2,36,1,
275,2,38,1,
276,2,40,1,
277,2,42,1,
278,2,44,1,
279,2,46,1,
280,2,48,1,
281,2,50,1,
282,2,52,1,
283,2,54,1,
284,2,56,1,
285,2,58,1,
286,2,60,1,
287,2,62,1,
288,2,64,1,
289,2,66,1,
290,2,68,1,
291,2,70,1,
292,2,72,1,
293,2,74,1,
294,2,76,1,
295,2,78,1,
296,2,80,1,
297,2,85,1,
298,2,90,1,
299,2,95,1,
300,2,100,1,
301,2,105,1,
302,2,110,1,
303,2,115,1,
304,2,120,1,
305,2,125,1,
306,2,130,1,
307,2,135,1,
308,2,140,1,
309,2,145,1,
310,2,150,1,
311,2,155,1,
312,3,0,1,
313,3,0.1,1,
314,3,0.5,1,
315,3,1,1,
316,3,2,1,
317,3,3,1,
318,3,4,1,
319,3,5,1,
320,3,6,1,
321,3,7,1,
322,3,8,1,
323,3,9,1,
324,3,10,1,
325,3,11,1,
326,3,12,1,
327,3,13,1,
328,3,14,1,
329,3,15,1,
330,3,16,1,
331,3,17,1,
332,3,18,1,
333,3,19,1,
334,3,20,1,
335,3,22,1,
336,3,24,1,
337,3,26,1,
338,3,28,1,
339,3,30,1,
340,3,32,1,
341,3,34,1,
342,3,36,1,
343,3,38,1,
344,3,40,1,
345,3,42,1,
346,3,44,1,
347,3,46,1,
348,3,48,1,
349,3,50,1,
350,3,52,1,
351,3,54,1,
352,3,56,1,
353,3,58,1,
354,3,60,1,
355,3,62,1,
356,3,64,1,
357,3,66,1,
358,3,68,1,
359,3,70,1,
360,3,72,1,
361,3,74,1,
362,3,76,1,
363,3,78,1,
364,3,80,1,
365,3,85,1,
366,3,90,1,
367,3,95,1,
368,3,100,1,
369,3,105,1,
370,3,110,1,
371,3,115,1,
372,3,120,1,
373,3,125,1,
374,3,130,1,
375,3,135,1,
376,3,140,1,
377,3,145,1,
378,3,150,1,
379,3,155,1,
380,3,160,1,
381,3,165,1,
382,3,170,1,
383,3,175,1,
384,3,180,1,
385,3,185,1,
386,3,190,1,
387,3,195,1,
388,4,0,1,
389,4,0.1,1,
390,4,0.5,1,
391,4,1,1,
392,4,2,1,
393,4,3,1,
394,4,4,1,
395,4,5,1,
396,4,6,1,
397,4,7,1,
398,4,8,1,
399,4,9,1,
400,4,10,1,
401,4,11,1,
402,4,12,1,
403,4,13,1,
404,4,14,1,
405,4,15,1,
406,4,16,1,
407,4,17,1,
408,4,18,1,
409,4,19,1,
410,4,20,1,
411,4,22,1,
412,4,24,1,
413,4,26,1,
414,4,28,1,
415,4,30,1,
416,4,32,1,
417,4,34,1,
418,4,36,1,
419,4,38,1,
420,4,40,1,
421,4,42,1,
422,4,44,1,
423,4,46,1,
424,4,48,1,
425,4,50,1,
426,4,52,1,
427,4,54,1,
428,4,56,1,
429,4,58,1,
430,4,60,1,
431,4,62,1,
432,4,64,1,
433,4,66,1,
434,4,68,1,
435,4,70,1,
436,4,72,1,
437,4,74,1,
438,4,76,1,
439,4,78,1,
440,4,80,1,
441,4,85,1,
442,4,90,1,
443,4,95,1,
444,4,100,1,
445,4,105,1,
446,4,110,1,
447,4,115,1,
448,4,120,1,
449,4,125,1,
450,4,130,1,
451,4,135,1,
452,4,140,1,
453,4,145,1,
454,4,150,1,
455,4,155,1,
456,4,160,1,
457,4,165,1,
458,4,170,1,
459,4,175,1,
460,4,180,1,
461,4,185,1,
462,4,190,1,
463,4,195,1,
464,4,200,1,
465,4,205,1,
466,4,210,1,
467,4,215,1,
468,4,220,1,
469,4,225,1,
470,5,0,1,
471,5,0.1,1,
472,5,0.5,1,
473,5,1,1,
474,5,2,1,
475,5,3,1,
476,5,4,1,
477,5,5,1,
478,5,6,1,
479,5,7,1,
480,5,8,1,
481,5,9,1,
482,5,10,1,
483,5,11,1,
484,5,12,1,
485,5,13,1,
486,5,14,1,
487,5,15,1,
488,5,16,1,
489,5,17,1,
490,5,18,1,
491,5,19,1,
492,5,20,1,
493,5,22,1,
494,5,24,1,
495,5,26,1,
496,5,28,1,
497,5,30,1,
498,5,32,1,
499,5,34,1,
500,5,36,1,
501,5,38,1,
502,5,40,1,
503,5,42,1,
504,5,44,1,
505,5,46,1,
506,5,48,1,
507,5,50,1,
508,5,52,1,
509,5,54,1,
510,5,56,1,
511,5,58,1,
512,5,60,1,
513,5,62,1,
514,5,64,1,
515,5,66,1,
516,5,68,1,
517,5,70,1,
518,5,72,1,
519,5,74,1,
520,5,76,1,
521,5,78,1,
522,5,80,1,
523,5,85,1,
524,5,90,1,
525,5,95,1,
526,5,100,1,
527,5,105,1,
528,5,110,1,
529,5,115,1,
530,5,120,1,
531,5,125,1,
532,5,130,1,
533,5,135,1,
534,5,140,1,
535,5,145,1,
536,5,150,1,
537,5,155,1,
538,5,160,1,
539,5,165,1,
540,5,170,1,
541,5,175,1,
542,5,180,1,
543,5,185,1,
544,5,190,1,
545,5,195,1,
546,5,200,1,
547,5,205,1,
548,5,210,1,
549,5,215,1,
550,5,220,1,
551,5,225,1,
552,5,230,1,
553,5,235,1,
554,5,240,1,
555,5,245,1,
556,5,250,1,
557,6,0,1,
558,6,0.1,1,
559,6,0.5,1,
560,6,1,1,
561,6,2,1,
562,6,3,1,
563,6,4,1,
564,6,5,1,
565,6,6,1,
566,6,7,1,
567,6,8,1,
568,6,9,1,
569,6,10,1,
570,6,11,1,
571,6,12,1,
572,6,13,1,
573,6,14,1,
574,6,15,1,
575,6,16,1,
576,6,17,1,
577,6,18,1,
578,6,19,1,
579,6,20,1,
580,6,22,1,
581,6,24,1,
582,6,26,1,
583,6,28,1,
584,6,30,1,
585,6,32,1,
586,6,34,1,
587,6,36,1,
588,6,38,1,
589,6,40,1,
590,6,42,1,
591,6,44,1,
592,6,46,1,
593,6,48,1,
594,6,50,1,
595,6,52,1,
596,6,54,1,
597,6,56,1,
598,6,58,1,
599,6,60,1,
600,6,62,1,
601,6,64,1,
602,6,66,1,
603,6,68,1,
604,6,70,1,
605,6,72,1,
606,6,74,1,
607,6,76,1,
608,6,78,1,
609,6,80,1,
610,6,85,1,
611,6,90,1,
612,6,95,1,
613,6,100,1,
614,6,105,1,
615,6,110,1,
616,6,115,1,
617,6,120,1,
618,6,125,1,
619,6,130,1,
620,6,135,1,
621,6,140,1,
622,6,145,1,
623,6,150,1,
624,6,155,1,
625,6,160,1,
626,6,165,1,
627,6,170,1,
628,6,175,1,
629,6,180,1,
630,6,185,1,
631,6,190,1,
632,6,195,1,
633,6,200,1,
634,6,205,1,
635,6,210,1,
636,6,215,1,
637,6,220,1,
638,6,225,1,
639,6,230,1,
640,6,235,1,
641,6,240,1,
642,6,245,1,
643,6,250,1,
644,6,255,1,
645,6,260,1,
646,6,265,1,
647,6,270,1,
648,6,275,1,
649,7,0,1,
650,7,0.1,1,
651,7,0.5,1,
652,7,1,1,
653,7,2,1,
654,7,3,1,
655,7,4,1,
656,7,5,1,
657,7,6,1,
658,7,7,1,
659,7,8,1,
660,7,9,1,
661,7,10,1,
662,7,11,1,
663,7,12,1,
664,7,13,1,
665,7,14,1,
666,7,15,1,
667,7,16,1,
668,7,17,1,
669,7,18,1,
670,7,19,1,
671,7,20,1,
672,7,22,1,
673,7,24,1,
674,7,26,1,
675,7,28,1,
676,7,30,1,
677,7,32,1,
678,7,34,1,
679,7,36,1,
680,7,38,1,
681,7,40,1,
682,7,42,1,
683,7,44,1,
684,7,46,1,
685,7,48,1,
686,7,50,1,
687,7,52,1,
688,7,54,1,
689,7,56,1,
690,7,58,1,
691,7,60,1,
692,7,62,1,
693,7,64,1,
694,7,66,1,
695,7,68,1,
696,7,70,1,
697,7,72,1,
698,7,74,1,
699,7,76,1,
700,7,78,1,
701,7,80,1,
702,7,85,1,
703,7,90,1,
704,7,95,1,
705,7,100,1,
706,7,105,1,
707,7,110,1,
708,7,115,1,
709,7,120,1,
710,7,125,1,
711,7,130,1,
712,7,135,1,
713,7,140,1,
714,7,145,1,
715,7,150,1,
716,7,155,1,
717,7,160,1,
718,7,165,1,
719,7,170,1,
720,7,175,1,
721,7,180,1,
722,7,185,1,
723,7,190,1,
724,7,195,1,
725,7,200,1,
726,7,205,1,
727,7,210,1,
728,7,215,1,
729,7,220,1,
730,7,225,1,
731,7,230,1,
732,7,235,1,
733,7,240,1,
734,7,245,1,
735,7,250,1,
736,7,255,1,
737,7,260,1,
738,7,265,1,
739,7,270,1,
740,7,275,1,
741,7,280,1,
742,7,285,1,
743,7,290,1,
744,7,295,1,
745,8,0,1,
746,8,0.1,1,
747,8,0.5,1,
748,8,1,1,
749,8,2,1,
750,8,3,1,
751,8,4,1,
752,8,5,1,
753,8,6,1,
754,8,7,1,
755,8,8,1,
756,8,9,1,
757,8,10,1,
758,8,11,1,
759,8,12,1,
760,8,13,1,
761,8,14,1,
762,8,15,1,
763,8,16,1,
764,8,17,1,
765,8,18,1,
766,8,19,1,
767,8,20,1,
768,8,22,1,
769,8,24,1,
770,8,26,1,
771,8,28,1,
772,8,30,1,
773,8,32,1,
774,8,34,1,
775,8,36,1,
776,8,38,1,
777,8,40,1,
778,8,42,1,
779,8,44,1,
780,8,46,1,
781,8,48,1,
782,8,50,1,
783,8,52,1,
784,8,54,1,
785,8,56,1,
786,8,58,1,
787,8,60,1,
788,8,62,1,
789,8,64,1,
790,8,66,1,
791,8,68,1,
792,8,70,1,
793,8,72,1,
794,8,74,1,
795,8,76,1,
796,8,78,1,
797,8,80,1,
798,8,85,1,
799,8,90,1,
800,8,95,1,
801,8,100,1,
802,8,105,1,
803,8,110,1,
804,8,115,1,
805,8,120,1,
806,8,125,1,
807,8,130,1,
808,8,135,1,
809,8,140,1,
810,8,145,1,
811,8,150,1,
812,8,155,1,
813,8,160,1,
814,8,165,1,
815,8,170,1,
816,8,175,1,
817,8,180,1,
818,8,185,1,
819,8,190,1,
820,8,195,1,
821,8,200,1,
822,8,205,1,
823,8,210,1,
824,8,215,1,
825,8,220,1,
826,8,225,1,
827,8,230,1,
828,8,235,1,
829,8,240,1,
830,8,245,1,
831,8,250,1,
832,8,255,1,
833,8,260,1,
834,8,265,1,
835,8,270,1,
836,8,275,1,
837,8,280,1,
838,8,285,1,
839,8,290,1,
840,8,295,1,
841,8,300,1,
842,9,0,1,
843,9,0.1,1,
844,9,0.5,1,
845,9,1,1,
846,9,2,1,
847,9,3,1,
848,9,4,1,
849,9,5,1,
850,9,6,1,
851,9,7,1,
852,9,8,1,
853,9,9,1,
854,9,10,1,
855,9,11,1,
856,9,12,1,
857,9,13,1,
858,9,14,1,
859,9,15,1,
860,9,16,1,
861,9,17,1,
862,9,18,1,
863,9,19,1,
864,9,20,1,
865,9,22,1,
866,9,24,1,
867,9,26,1,
868,9,28,1,
869,9,30,1,
870,9,32,1,
871,9,34,1,
872,9,36,1,
873,9,38,1,
874,9,40,1,
875,9,42,1,
876,9,44,1,
877,9,46,1,
878,9,48,1,
879,9,50,1,
880,9,52,1,
881,9,54,1,
882,9,56,1,
883,9,58,1,
884,9,60,1,
885,9,62,1,
886,9,64,1,
887,9,66,1,
888,9,68,1,
889,9,70,1,
890,9,72,1,
891,9,74,1,
892,9,76,1,
893,9,78,1,
894,9,80,1,
895,9,85,1,
896,9,90,1,
897,9,95,1,
898,9,100,1,
899,9,105,1,
900,9,110,1,
901,9,115,1,
902,9,120,1,
903,9,125,1,
904,9,130,1,
905,9,135,1,
906,9,140,1,
907,9,145,1,
908,9,150,1,
909,9,155,1,
910,9,160,1,
911,9,165,1,
912,9,170,1,
913,9,175,1,
914,9,180,1,
915,9,185,1,
916,9,190,1,
917,9,195,1,
918,9,200,1,
919,9,205,1,
920,9,210,1,
921,9,215,1,
922,9,220,1,
923,9,225,1,
924,9,230,1,
925,9,235,1,
926,9,240,1,
927,9,245,1,
928,9,250,1,
929,9,255,1,
930,9,260,1,
931,9,265,1,
932,9,270,1,
933,9,275,1,
934,9,280,1,
935,9,285,1,
936,9,290,1,
937,9,295,1,
938,9,300,1,
939,10,0,1,
940,10,0.1,1,
941,10,0.5,1,
942,10,1,1,
943,10,2,1,
944,10,3,1,
945,10,4,1,
946,10,5,1,
947,10,6,1,
948,10,7,1,
949,10,8,1,
950,10,9,1,
951,10,10,1,
952,10,11,1,
953,10,12,1,
954,10,13,1,
955,10,14,1,
956,10,15,1,
957,10,16,1,
958,10,17,1,
959,10,18,1,
960,10,19,1,
961,10,20,1,
962,10,22,1,
963,10,24,1,
964,10,26,1,
965,10,28,1,
966,10,30,1,
967,10,32,1,
968,10,34,1,
969,10,36,1,
970,10,38,1,
971,10,40,1,
972,10,42,1,
973,10,44,1,
974,10,46,1,
975,10,48,1,
976,10,50,1,
977,10,52,1,
978,10,54,1,
979,10,56,1,
980,10,58,1,
981,10,60,1,
982,10,62,1,
983,10,64,1,
984,10,66,1,
985,10,68,1,
986,10,70,1,
987,10,72,1,
988,10,74,1,
989,10,76,1,
990,10,78,1,
991,10,80,1,
992,10,85,1,
993,10,90,1,
994,10,95,1,
995,10,100,1,
996,10,105,1,
997,10,110,1,
998,10,115,1,
999,10,120,1,
1000,10,125,1,
1001,10,130,1,
1002,10,135,1,
1003,10,140,1,
1004,10,145,1,
1005,10,150,1,
1006,10,155,1,
1007,10,160,1,
1008,10,165,1,
1009,10,170,1,
1010,10,175,1,
1011,10,180,1,
1012,10,185,1,
1013,10,190,1,
1014,10,195,1,
1015,10,200,1,
1016,10,205,1,
1017,10,210,1,
1018,10,215,1,
1019,10,220,1,
1020,10,225,1,
1021,10,230,1,
1022,10,235,1,
1023,10,240,1,
1024,10,245,1,
1025,10,250,1,
1026,10,255,1,
1027,10,260,1,
1028,10,265,1,
1029,10,270,1,
1030,10,275,1,
1031,10,280,1,
1032,10,285,1,
1033,10,290,1,
1034,10,295,1,
1035,10,300,1,
1036,11,0,1,
1037,11,0.1,1,
1038,11,0.5,1,
1039,11,1,1,
1040,11,2,1,
1041,11,3,1,
1042,11,4,1,
1043,11,5,1,
1044,11,6,1,
1045,11,7,1,
1046,11,8,1,
1047,11,9,1,
1048,11,10,1,
1049,11,11,1,
1050,11,12,1,
1051,11,13,1,
1052,11,14,1,
1053,11,15,1,
1054,11,16,1,
1055,11,17,1,
1056,11,18,1,
1057,11,19,1,
1058,11,20,1,
1059,11,22,1,
1060,11,24,1,
1061,11,26,1,
1062,11,28,1,
1063,11,30,1,
1064,11,32,1,
1065,11,34,1,
1066,11,36,1,
1067,11,38,1,
1068,11,40,1,
1069,11,42,1,
1070,11,44,1,
1071,11,46,1,
1072,11,48,1,
1073,11,50,1,
1074,11,52,1,
1075,11,54,1,
1076,11,56,1,
1077,11,58,1,
1078,11,60,1,
1079,11,62,1,
1080,11,64,1,
1081,11,66,1,
1082,11,68,1,
1083,11,70,1,
1084,11,72,1,
1085,11,74,1,
1086,11,76,1,
1087,11,78,1,
1088,11,80,1,
1089,11,85,1,
1090,11,90,1,
1091,11,95,1,
1092,11,100,1,
1093,11,105,1,
1094,11,110,1,
1095,11,115,1,
1096,11,120,1,
1097,11,125,1,
1098,11,130,1,
1099,11,135,1,
1100,11,140,1,
1101,11,145,1,
1102,11,150,1,
1103,11,155,1,
1104,11,160,1,
1105,11,165,1,
1106,11,170,1,
1107,11,175,1,
1108,11,180,1,
1109,11,185,1,
1110,11,190,1,
1111,11,195,1,
1112,11,200,1,
1113,11,205,1,
1114,11,210,1,
1115,11,215,1,
1116,11,220,1,
1117,11,225,1,
1118,11,230,1,
1119,11,235,1,
1120,11,240,1,
1121,11,245,1,
1122,11,250,1,
1123,11,255,1,
1124,11,260,1,
1125,11,265,1,
1126,11,270,1,
1127,11,275,1,
1128,11,280,1,
1129,11,285,1,
1130,11,290,1,
1131,11,295,1,
1132,11,300,1,
1133,12,0,1,
1134,12,0.1,1,
1135,12,0.5,1,
1136,12,1,1,
1137,12,2,1,
1138,12,3,1,
1139,12,4,1,
1140,12,5,1,
1141,12,6,1,
1142,12,7,1,
1143,12,8,1,
1144,12,9,1,
1145,12,10,1,
1146,12,11,1,
1147,12,12,1,
1148,12,13,1,
1149,12,14,1,
1150,12,15,1,
1151,12,16,1,
1152,12,17,1,
1153,12,18,1,
1154,12,19,1,
1155,12,20,1,
1156,12,22,1,
1157,12,24,1,
1158,12,26,1,
1159,12,28,1,
1160,12,30,1,
1161,12,32,1,
1162,12,34,1,
1163,12,36,1,
1164,12,38,1,
1165,12,40,1,
1166,12,42,1,
1167,12,44,1,
1168,12,46,1,
1169,12,48,1,
1170,12,50,1,
1171,12,52,1,
1172,12,54,1,
1173,12,56,1,
1174,12,58,1,
1175,12,60,1,
1176,12,62,1,
1177,12,64,1,
1178,12,66,1,
1179,12,68,1,
1180,12,70,1,
1181,12,72,1,
1182,12,74,1,
1183,12,76,1,
1184,12,78,1,
1185,12,80,1,
1186,12,85,1,
1187,12,90,1,
1188,12,95,1,
1189,12,100,1,
1190,12,105,1,
1191,12,110,1,
1192,12,115,1,
1193,12,120,1,
1194,12,125,1,
1195,12,130,1,
1196,12,135,1,
1197,12,140,1,
1198,12,145,1,
1199,12,150,1,
1200,12,155,1,
1201,12,160,1,
1202,12,165,1,
1203,12,170,1,
1204,12,175,1,
1205,12,180,1,
1206,12,185,1,
1207,12,190,1,
1208,12,195,1,
1209,12,200,1,
1210,12,205,1,
1211,12,210,1,
1212,12,215,1,
1213,12,220,1,
1214,12,225,1,
1215,12,230,1,
1216,12,235,1,
1217,12,240,1,
1218,12,245,1,
1219,12,250,1,
1220,12,255,1,
1221,12,260,1,
1222,12,265,1,
1223,12,270,1,
1224,12,275,1,
1225,12,280,1,
1226,12,285,1,
1227,12,290,1,
1228,12,295,1,
1229,12,300,1,
1230,14,0,1,
1231,14,0.1,1,
1232,14,0.5,1,
1233,14,1,1,
1234,14,2,1,
1235,14,3,1,
1236,14,4,1,
1237,14,5,1,
1238,14,6,1,
1239,14,7,1,
1240,14,8,1,
1241,14,9,1,
1242,14,10,1,
1243,14,11,1,
1244,14,12,1,
1245,14,13,1,
1246,14,14,1,
1247,14,15,1,
1248,14,16,1,
1249,14,17,1,
1250,14,18,1,
1251,14,19,1,
1252,14,20,1,
1253,14,22,1,
1254,14,24,1,
1255,14,26,1,
1256,14,28,1,
1257,14,30,1,
1258,14,32,1,
1259,14,34,1,
1260,14,36,1,
1261,14,38,1,
1262,14,40,1,
1263,14,42,1,
1264,14,44,1,
1265,14,46,1,
1266,14,48,1,
1267,14,50,1,
1268,14,52,1,
1269,14,54,1,
1270,14,56,1,
1271,14,58,1,
1272,14,60,1,
1273,14,62,1,
1274,14,64,1,
1275,14,66,1,
1276,14,68,1,
1277,14,70,1,
1278,14,72,1,
1279,14,74,1,
1280,14,76,1,
1281,14,78,1,
1282,14,80,1,
1283,14,85,1,
1284,14,90,1,
1285,14,95,1,
1286,14,100,1,
1287,14,105,1,
1288,14,110,1,
1289,14,115,1,
1290,14,120,1,
1291,14,125,1,
1292,14,130,1,
1293,14,135,1,
1294,14,140,1,
1295,14,145,1,
1296,14,150,1,
1297,14,155,1,
1298,14,160,1,
1299,14,165,1,
1300,14,170,1,
1301,14,175,1,
1302,14,180,1,
1303,14,185,1,
1304,14,190,1,
1305,14,195,1,
1306,14,200,1,
1307,14,205,1,
1308,14,210,1,
1309,14,215,1,
1310,14,220,1,
1311,14,225,1,
1312,14,230,1,
1313,14,235,1,
1314,14,240,1,
1315,14,245,1,
1316,14,250,1,
1317,14,255,1,
1318,14,260,1,
1319,14,265,1,
1320,14,270,1,
1321,14,275,1,
1322,14,280,1,
1323,14,285,1,
1324,14,290,1,
1325,14,295,1,
1326,14,300,1,
1327,16,0,1,
1328,16,0.1,1,
1329,16,0.5,1,
1330,16,1,1,
1331,16,2,1,
1332,16,3,1,
1333,16,4,1,
1334,16,5,1,
1335,16,6,1,
1336,16,7,1,
1337,16,8,1,
1338,16,9,1,
1339,16,10,1,
1340,16,11,1,
1341,16,12,1,
1342,16,13,1,
1343,16,14,1,
1344,16,15,1,
1345,16,16,1,
1346,16,17,1,
1347,16,18,1,
1348,16,19,1,
1349,16,20,1,
1350,16,22,1,
1351,16,24,1,
1352,16,26,1,
1353,16,28,1,
1354,16,30,1,
1355,16,32,1,
1356,16,34,1,
1357,16,36,1,
1358,16,38,1,
1359,16,40,1,
1360,16,42,1,
1361,16,44,1,
1362,16,46,1,
1363,16,48,1,
1364,16,50,1,
1365,16,52,1,
1366,16,54,1,
1367,16,56,1,
1368,16,58,1,
1369,16,60,1,
1370,16,62,1,
1371,16,64,1,
1372,16,66,1,
1373,16,68,1,
1374,16,70,1,
1375,16,72,1,
1376,16,74,1,
1377,16,76,1,
1378,16,78,1,
1379,16,80,1,
1380,16,85,1,
1381,16,90,1,
1382,16,95,1,
1383,16,100,1,
1384,16,105,1,
1385,16,110,1,
1386,16,115,1,
1387,16,120,1,
1388,16,125,1,
1389,16,130,1,
1390,16,135,1,
1391,16,140,1,
1392,16,145,1,
1393,16,150,1,
1394,16,155,1,
1395,16,160,1,
1396,16,165,1,
1397,16,170,1,
1398,16,175,1,
1399,16,180,1,
1400,16,185,1,
1401,16,190,1,
1402,16,195,1,
1403,16,200,1,
1404,16,205,1,
1405,16,210,1,
1406,16,215,1,
1407,16,220,1,
1408,16,225,1,
1409,16,230,1,
1410,16,235,1,
1411,16,240,1,
1412,16,245,1,
1413,16,250,1,
1414,16,255,1,
1415,16,260,1,
1416,16,265,1,
1417,16,270,1,
1418,16,275,1,
1419,16,280,1,
1420,16,285,1,
1421,16,290,1,
1422,16,295,1,
1423,16,300,1,
1424,18,0,1,
1425,18,0.1,1,
1426,18,0.5,1,
1427,18,1,1,
1428,18,2,1,
1429,18,3,1,
1430,18,4,1,
1431,18,5,1,
1432,18,6,1,
1433,18,7,1,
1434,18,8,1,
1435,18,9,1,
1436,18,10,1,
1437,18,11,1,
1438,18,12,1,
1439,18,13,1,
1440,18,14,1,
1441,18,15,1,
1442,18,16,1,
1443,18,17,1,
1444,18,18,1,
1445,18,19,1,
1446,18,20,1,
1447,18,22,1,
1448,18,24,1,
1449,18,26,1,
1450,18,28,1,
1451,18,30,1,
1452,18,32,1,
1453,18,34,1,
1454,18,36,1,
1455,18,38,1,
1456,18,40,1,
1457,18,42,1,
1458,18,44,1,
1459,18,46,1,
1460,18,48,1,
1461,18,50,1,
1462,18,52,1,
1463,18,54,1,
1464,18,56,1,
1465,18,58,1,
1466,18,60,1,
1467,18,62,1,
1468,18,64,1,
1469,18,66,1,
1470,18,68,1,
1471,18,70,1,
1472,18,72,1,
1473,18,74,1,
1474,18,76,1,
1475,18,78,1,
1476,18,80,1,
1477,18,85,1,
1478,18,90,1,
1479,18,95,1,
1480,18,100,1,
1481,18,105,1,
1482,18,110,1,
1483,18,115,1,
1484,18,120,1,
1485,18,125,1,
1486,18,130,1,
1487,18,135,1,
1488,18,140,1,
1489,18,145,1,
1490,18,150,1,
1491,18,155,1,
1492,18,160,1,
1493,18,165,1,
1494,18,170,1,
1495,18,175,1,
1496,18,180,1,
1497,18,185,1,
1498,18,190,1,
1499,18,195,1,
1500,18,200,1,
1501,18,205,1,
1502,18,210,1,
1503,18,215,1,
1504,18,220,1,
1505,18,225,1,
1506,18,230,1,
1507,18,235,1,
1508,18,240,1,
1509,18,245,1,
1510,18,250,1,
1511,18,255,1,
1512,18,260,1,
1513,18,265,1,
1514,18,270,1,
1515,18,275,1,
1516,18,280,1,
1517,18,285,1,
1518,18,290,1,
1519,18,295,1,
1520,18,300,1,
1521,20,0,1,
1522,20,0.1,1,
1523,20,0.5,1,
1524,20,1,1,
1525,20,2,1,
1526,20,3,1,
1527,20,4,1,
1528,20,5,1,
1529,20,6,1,
1530,20,7,1,
1531,20,8,1,
1532,20,9,1,
1533,20,10,1,
1534,20,11,1,
1535,20,12,1,
1536,20,13,1,
1537,20,14,1,
1538,20,15,1,
1539,20,16,1,
1540,20,17,1,
1541,20,18,1,
1542,20,19,1,
1543,20,20,1,
1544,20,22,1,
1545,20,24,1,
1546,20,26,1,
1547,20,28,1,
1548,20,30,1,
1549,20,32,1,
1550,20,34,1,
1551,20,36,1,
1552,20,38,1,
1553,20,40,1,
1554,20,42,1,
1555,20,44,1,
1556,20,46,1,
1557,20,48,1,
1558,20,50,1,
1559,20,52,1,
1560,20,54,1,
1561,20,56,1,
1562,20,58,1,
1563,20,60,1,
1564,20,62,1,
1565,20,64,1,
1566,20,66,1,
1567,20,68,1,
1568,20,70,1,
1569,20,72,1,
1570,20,74,1,
1571,20,76,1,
1572,20,78,1,
1573,20,80,1,
1574,20,85,1,
1575,20,90,1,
1576,20,95,1,
1577,20,100,1,
1578,20,105,1,
1579,20,110,1,
1580,20,115,1,
1581,20,120,1,
1582,20,125,1,
1583,20,130,1,
1584,20,135,1,
1585,20,140,1,
1586,20,145,1,
1587,20,150,1,
1588,20,155,1,
1589,20,160,1,
1590,20,165,1,
1591,20,170,1,
1592,20,175,1,
1593,20,180,1,
1594,20,185,1,
1595,20,190,1,
1596,20,195,1,
1597,20,200,1,
1598,20,205,1,
1599,20,210,1,
1600,20,215,1,
1601,20,220,1,
1602,20,225,1,
1603,20,230,1,
1604,20,235,1,
1605,20,240,1,
1606,20,245,1,
1607,20,250,1,
1608,20,255,1,
1609,20,260,1,
1610,20,265,1,
1611,20,270,1,
1612,20,275,1,
1613,20,280,1,
1614,20,285,1,
1615,20,290,1,
1616,20,295,1,
1617,20,300,1,
1618,0.002,0,2,
1619,0.002,0.1,2,
1620,0.002,0.5,2,
1621,0.002,1,2,
1622,0.002,2,2,
1623,0.002,3,2,
1624,0.002,4,2,
1625,0.002,5,2,
1626,0.0325,0,2,
1627,0.0325,0.1,2,
1628,0.0325,0.5,2,
1629,0.0325,1,2,
1630,0.0325,2,2,
1631,0.0325,3,2,
1632,0.0325,4,2,
1633,0.0325,5,2,
1634,0.0325,6,2,
1635,0.0325,7,2,
1636,0.0325,8,2,
1637,0.0325,9,2,
1638,0.0325,10,2,
1639,0.0325,11,2,
1640,0.0325,12,2,
1641,0.0325,13,2,
1642,0.0325,14,2,
1643,0.0325,15,2,
1644,0.0325,16,2,
1645,0.0325,17,2,
1646,0.0325,18,2,
1647,0.0325,19,2,
1648,0.0325,20,2,
1649,0.075,0,2,
1650,0.075,0.1,2,
1651,0.075,0.5,2,
1652,0.075,1,2,
1653,0.075,2,2,
1654,0.075,3,2,
1655,0.075,4,2,
1656,0.075,5,2,
1657,0.075,6,2,
1658,0.075,7,2,
1659,0.075,8,2,
1660,0.075,9,2,
1661,0.075,10,2,
1662,0.075,11,2,
1663,0.075,12,2,
1664,0.075,13,2,
1665,0.075,14,2,
1666,0.075,15,2,
1667,0.075,16,2,
1668,0.075,17,2,
1669,0.075,18,2,
1670,0.075,19,2,
1671,0.075,20,2,
1672,0.075,22,2,
1673,0.075,24,2,
1674,0.075,26,2,
1675,0.075,28,2,
1676,0.075,30,2,
1677,0.15,0,2,
1678,0.15,0.1,2,
1679,0.15,0.5,2,
1680,0.15,1,2,
1681,0.15,2,2,
1682,0.15,3,2,
1683,0.15,4,2,
1684,0.15,5,2,
1685,0.15,6,2,
1686,0.15,7,2,
1687,0.15,8,2,
1688,0.15,9,2,
1689,0.15,10,2,
1690,0.15,11,2,
1691,0.15,12,2,
1692,0.15,13,2,
1693,0.15,14,2,
1694,0.15,15,2,
1695,0.15,16,2,
1696,0.15,17,2,
1697,0.15,18,2,
1698,0.15,19,2,
1699,0.15,20,2,
1700,0.15,22,2,
1701,0.15,24,2,
1702,0.15,26,2,
1703,0.15,28,2,
1704,0.15,30,2,
1705,0.15,32,2,
1706,0.15,34,2,
1707,0.15,36,2,
1708,0.15,38,2,
1709,0.15,40,2,
1710,0.15,42,2,
1711,0.225,0,2,
1712,0.225,0.1,2,
1713,0.225,0.5,2,
1714,0.225,1,2,
1715,0.225,2,2,
1716,0.225,3,2,
1717,0.225,4,2,
1718,0.225,5,2,
1719,0.225,6,2,
1720,0.225,7,2,
1721,0.225,8,2,
1722,0.225,9,2,
1723,0.225,10,2,
1724,0.225,11,2,
1725,0.225,12,2,
1726,0.225,13,2,
1727,0.225,14,2,
1728,0.225,15,2,
1729,0.225,16,2,
1730,0.225,17,2,
1731,0.225,18,2,
1732,0.225,19,2,
1733,0.225,20,2,
1734,0.225,22,2,
1735,0.225,24,2,
1736,0.225,26,2,
1737,0.225,28,2,
1738,0.225,30,2,
1739,0.225,32,2,
1740,0.225,34,2,
1741,0.225,36,2,
1742,0.225,38,2,
1743,0.225,40,2,
1744,0.225,42,2,
1745,0.225,44,2,
1746,0.225,46,2,
1747,0.225,48,2,
1748,0.225,50,2,
1749,0.225,52,2,
1750,0.5,0,2,
1751,0.5,0.1,2,
1752,0.5,0.5,2,
1753,0.5,1,2,
1754,0.5,2,2,
1755,0.5,3,2,
1756,0.5,4,2,
1757,0.5,5,2,
1758,0.5,6,2,
1759,0.5,7,2,
1760,0.5,8,2,
1761,0.5,9,2,
1762,0.5,10,2,
1763,0.5,11,2,
1764,0.5,12,2,
1765,0.5,13,2,
1766,0.5,14,2,
1767,0.5,15,2,
1768,0.5,16,2,
1769,0.5,17,2,
1770,0.5,18,2,
1771,0.5,19,2,
1772,0.5,20,2,
1773,0.5,22,2,
1774,0.5,24,2,
1775,0.5,26,2,
1776,0.5,28,2,
1777,0.5,30,2,
1778,0.5,32,2,
1779,0.5,34,2,
1780,0.5,36,2,
1781,0.5,38,2,
1782,0.5,40,2,
1783,0.5,42,2,
1784,0.5,44,2,
1785,0.5,46,2,
1786,0.5,48,2,
1787,0.5,50,2,
1788,0.5,52,2,
1789,0.5,54,2,
1790,0.5,56,2,
1791,0.5,58,2,
1792,0.5,60,2,
1793,0.5,62,2,
1794,0.5,64,2,
1795,0.5,66,2,
1796,0.5,68,2,
1797,0.5,70,2,
1798,0.5,72,2,
1799,0.5,74,2,
1800,0.5,76,2,
1801,0.5,78,2,
1802,1,0,2,
1803,1,0.1,2,
1804,1,0.5,2,
1805,1,1,2,
1806,1,2,2,
1807,1,3,2,
1808,1,4,2,
1809,1,5,2,
1810,1,6,2,
1811,1,7,2,
1812,1,8,2,
1813,1,9,2,
1814,1,10,2,
1815,1,11,2,
1816,1,12,2,
1817,1,13,2,
1818,1,14,2,
1819,1,15,2,
1820,1,16,2,
1821,1,17,2,
1822,1,18,2,
1823,1,19,2,
1824,1,20,2,
1825,1,22,2,
1826,1,24,2,
1827,1,26,2,
1828,1,28,2,
1829,1,30,2,
1830,1,32,2,
1831,1,34,2,
1832,1,36,2,
1833,1,38,2,
1834,1,40,2,
1835,1,42,2,
1836,1,44,2,
1837,1,46,2,
1838,1,48,2,
1839,1,50,2,
1840,1,52,2,
1841,1,54,2,
1842,1,56,2,
1843,1,58,2,
1844,1,60,2,
1845,1,62,2,
1846,1,64,2,
1847,1,66,2,
1848,1,68,2,
1849,1,70,2,
1850,1,72,2,
1851,1,74,2,
1852,1,76,2,
1853,1,78,2,
1854,1,80,2,
1855,1,85,2,
1856,1,90,2,
1857,1,95,2,
1858,1,100,2,
1859,1,105,2,
1860,1,110,2,
1861,2,0,2,
1862,2,0.1,2,
1863,2,0.5,2,
1864,2,1,2,
1865,2,2,2,
1866,2,3,2,
1867,2,4,2,
1868,2,5,2,
1869,2,6,2,
1870,2,7,2,
1871,2,8,2,
1872,2,9,2,
1873,2,10,2,
1874,2,11,2,
1875,2,12,2,
1876,2,13,2,
1877,2,14,2,
1878,2,15,2,
1879,2,16,2,
1880,2,17,2,
1881,2,18,2,
1882,2,19,2,
1883,2,20,2,
1884,2,22,2,
1885,2,24,2,
1886,2,26,2,
1887,2,28,2,
1888,2,30,2,
1889,2,32,2,
1890,2,34,2,
1891,2,36,2,
1892,2,38,2,
1893,2,40,2,
1894,2,42,2,
1895,2,44,2,
1896,2,46,2,
1897,2,48,2,
1898,2,50,2,
1899,2,52,2,
1900,2,54,2,
1901,2,56,2,
1902,2,58,2,
1903,2,60,2,
1904,2,62,2,
1905,2,64,2,
1906,2,66,2,
1907,2,68,2,
1908,2,70,2,
1909,2,72,2,
1910,2,74,2,
1911,2,76,2,
1912,2,78,2,
1913,2,80,2,
1914,2,85,2,
1915,2,90,2,
1916,2,95,2,
1917,2,100,2,
1918,2,105,2,
1919,2,110,2,
1920,2,115,2,
1921,2,120,2,
1922,2,125,2,
1923,2,130,2,
1924,2,135,2,
1925,2,140,2,
1926,2,145,2,
1927,2,150,2,
1928,2,155,2,
1929,3,0,2,
1930,3,0.1,2,
1931,3,0.5,2,
1932,3,1,2,
1933,3,2,2,
1934,3,3,2,
1935,3,4,2,
1936,3,5,2,
1937,3,6,2,
1938,3,7,2,
1939,3,8,2,
1940,3,9,2,
1941,3,10,2,
1942,3,11,2,
1943,3,12,2,
1944,3,13,2,
1945,3,14,2,
1946,3,15,2,
1947,3,16,2,
1948,3,17,2,
1949,3,18,2,
1950,3,19,2,
1951,3,20,2,
1952,3,22,2,
1953,3,24,2,
1954,3,26,2,
1955,3,28,2,
1956,3,30,2,
1957,3,32,2,
1958,3,34,2,
1959,3,36,2,
1960,3,38,2,
1961,3,40,2,
1962,3,42,2,
1963,3,44,2,
1964,3,46,2,
1965,3,48,2,
1966,3,50,2,
1967,3,52,2,
1968,3,54,2,
1969,3,56,2,
1970,3,58,2,
1971,3,60,2,
1972,3,62,2,
1973,3,64,2,
1974,3,66,2,
1975,3,68,2,
1976,3,70,2,
1977,3,72,2,
1978,3,74,2,
1979,3,76,2,
1980,3,78,2,
1981,3,80,2,
1982,3,85,2,
1983,3,90,2,
1984,3,95,2,
1985,3,100,2,
1986,3,105,2,
1987,3,110,2,
1988,3,115,2,
1989,3,120,2,
1990,3,125,2,
1991,3,130,2,
1992,3,135,2,
1993,3,140,2,
1994,3,145,2,
1995,3,150,2,
1996,3,155,2,
1997,3,160,2,
1998,3,165,2,
1999,3,170,2,
2000,3,175,2,
2001,3,180,2,
2002,3,185,2,
2003,3,190,2,
2004,3,195,2,
2005,4,0,2,
2006,4,0.1,2,
2007,4,0.5,2,
2008,4,1,2,
2009,4,2,2,
2010,4,3,2,
2011,4,4,2,
2012,4,5,2,
2013,4,6,2,
2014,4,7,2,
2015,4,8,2,
2016,4,9,2,
2017,4,10,2,
2018,4,11,2,
2019,4,12,2,
2020,4,13,2,
2021,4,14,2,
2022,4,15,2,
2023,4,16,2,
2024,4,17,2,
2025,4,18,2,
2026,4,19,2,
2027,4,20,2,
2028,4,22,2,
2029,4,24,2,
2030,4,26,2,
2031,4,28,2,
2032,4,30,2,
2033,4,32,2,
2034,4,34,2,
2035,4,36,2,
2036,4,38,2,
2037,4,40,2,
2038,4,42,2,
2039,4,44,2,
2040,4,46,2,
2041,4,48,2,
2042,4,50,2,
2043,4,52,2,
2044,4,54,2,
2045,4,56,2,
2046,4,58,2,
2047,4,60,2,
2048,4,62,2,
2049,4,64,2,
2050,4,66,2,
2051,4,68,2,
2052,4,70,2,
2053,4,72,2,
2054,4,74,2,
2055,4,76,2,
2056,4,78,2,
2057,4,80,2,
2058,4,85,2,
2059,4,90,2,
2060,4,95,2,
2061,4,100,2,
2062,4,105,2,
2063,4,110,2,
2064,4,115,2,
2065,4,120,2,
2066,4,125,2,
2067,4,130,2,
2068,4,135,2,
2069,4,140,2,
2070,4,145,2,
2071,4,150,2,
2072,4,155,2,
2073,4,160,2,
2074,4,165,2,
2075,4,170,2,
2076,4,175,2,
2077,4,180,2,
2078,4,185,2,
2079,4,190,2,
2080,4,195,2,
2081,4,200,2,
2082,4,205,2,
2083,4,210,2,
2084,4,215,2,
2085,4,220,2,
2086,4,225,2,
2087,5,0,2,
2088,5,0.1,2,
2089,5,0.5,2,
2090,5,1,2,
2091,5,2,2,
2092,5,3,2,
2093,5,4,2,
2094,5,5,2,
2095,5,6,2,
2096,5,7,2,
2097,5,8,2,
2098,5,9,2,
2099,5,10,2,
2100,5,11,2,
2101,5,12,2,
2102,5,13,2,
2103,5,14,2,
2104,5,15,2,
2105,5,16,2,
2106,5,17,2,
2107,5,18,2,
2108,5,19,2,
2109,5,20,2,
2110,5,22,2,
2111,5,24,2,
2112,5,26,2,
2113,5,28,2,
2114,5,30,2,
2115,5,32,2,
2116,5,34,2,
2117,5,36,2,
2118,5,38,2,
2119,5,40,2,
2120,5,42,2,
2121,5,44,2,
2122,5,46,2,
2123,5,48,2,
2124,5,50,2,
2125,5,52,2,
2126,5,54,2,
2127,5,56,2,
2128,5,58,2,
2129,5,60,2,
2130,5,62,2,
2131,5,64,2,
2132,5,66,2,
2133,5,68,2,
2134,5,70,2,
2135,5,72,2,
2136,5,74,2,
2137,5,76,2,
2138,5,78,2,
2139,5,80,2,
2140,5,85,2,
2141,5,90,2,
2142,5,95,2,
2143,5,100,2,
2144,5,105,2,
2145,5,110,2,
2146,5,115,2,
2147,5,120,2,
2148,5,125,2,
2149,5,130,2,
2150,5,135,2,
2151,5,140,2,
2152,5,145,2,
2153,5,150,2,
2154,5,155,2,
2155,5,160,2,
2156,5,165,2,
2157,5,170,2,
2158,5,175,2,
2159,5,180,2,
2160,5,185,2,
2161,5,190,2,
2162,5,195,2,
2163,5,200,2,
2164,5,205,2,
2165,5,210,2,
2166,5,215,2,
2167,5,220,2,
2168,5,225,2,
2169,5,230,2,
2170,5,235,2,
2171,5,240,2,
2172,5,245,2,
2173,5,250,2,
2174,6,0,2,
2175,6,0.1,2,
2176,6,0.5,2,
2177,6,1,2,
2178,6,2,2,
2179,6,3,2,
2180,6,4,2,
2181,6,5,2,
2182,6,6,2,
2183,6,7,2,
2184,6,8,2,
2185,6,9,2,
2186,6,10,2,
2187,6,11,2,
2188,6,12,2,
2189,6,13,2,
2190,6,14,2,
2191,6,15,2,
2192,6,16,2,
2193,6,17,2,
2194,6,18,2,
2195,6,19,2,
2196,6,20,2,
2197,6,22,2,
2198,6,24,2,
2199,6,26,2,
2200,6,28,2,
2201,6,30,2,
2202,6,32,2,
2203,6,34,2,
2204,6,36,2,
2205,6,38,2,
2206,6,40,2,
2207,6,42,2,
2208,6,44,2,
2209,6,46,2,
2210,6,48,2,
2211,6,50,2,
2212,6,52,2,
2213,6,54,2,
2214,6,56,2,
2215,6,58,2,
2216,6,60,2,
2217,6,62,2,
2218,6,64,2,
2219,6,66,2,
2220,6,68,2,
2221,6,70,2,
2222,6,72,2,
2223,6,74,2,
2224,6,76,2,
2225,6,78,2,
2226,6,80,2,
2227,6,85,2,
2228,6,90,2,
2229,6,95,2,
2230,6,100,2,
2231,6,105,2,
2232,6,110,2,
2233,6,115,2,
2234,6,120,2,
2235,6,125,2,
2236,6,130,2,
2237,6,135,2,
2238,6,140,2,
2239,6,145,2,
2240,6,150,2,
2241,6,155,2,
2242,6,160,2,
2243,6,165,2,
2244,6,170,2,
2245,6,175,2,
2246,6,180,2,
2247,6,185,2,
2248,6,190,2,
2249,6,195,2,
2250,6,200,2,
2251,6,205,2,
2252,6,210,2,
2253,6,215,2,
2254,6,220,2,
2255,6,225,2,
2256,6,230,2,
2257,6,235,2,
2258,6,240,2,
2259,6,245,2,
2260,6,250,2,
2261,6,255,2,
2262,6,260,2,
2263,6,265,2,
2264,6,270,2,
2265,6,275,2,
2266,7,0,2,
2267,7,0.1,2,
2268,7,0.5,2,
2269,7,1,2,
2270,7,2,2,
2271,7,3,2,
2272,7,4,2,
2273,7,5,2,
2274,7,6,2,
2275,7,7,2,
2276,7,8,2,
2277,7,9,2,
2278,7,10,2,
2279,7,11,2,
2280,7,12,2,
2281,7,13,2,
2282,7,14,2,
2283,7,15,2,
2284,7,16,2,
2285,7,17,2,
2286,7,18,2,
2287,7,19,2,
2288,7,20,2,
2289,7,22,2,
2290,7,24,2,
2291,7,26,2,
2292,7,28,2,
2293,7,30,2,
2294,7,32,2,
2295,7,34,2,
2296,7,36,2,
2297,7,38,2,
2298,7,40,2,
2299,7,42,2,
2300,7,44,2,
2301,7,46,2,
2302,7,48,2,
2303,7,50,2,
2304,7,52,2,
2305,7,54,2,
2306,7,56,2,
2307,7,58,2,
2308,7,60,2,
2309,7,62,2,
2310,7,64,2,
2311,7,66,2,
2312,7,68,2,
2313,7,70,2,
2314,7,72,2,
2315,7,74,2,
2316,7,76,2,
2317,7,78,2,
2318,7,80,2,
2319,7,85,2,
2320,7,90,2,
2321,7,95,2,
2322,7,100,2,
2323,7,105,2,
2324,7,110,2,
2325,7,115,2,
2326,7,120,2,
2327,7,125,2,
2328,7,130,2,
2329,7,135,2,
2330,7,140,2,
2331,7,145,2,
2332,7,150,2,
2333,7,155,2,
2334,7,160,2,
2335,7,165,2,
2336,7,170,2,
2337,7,175,2,
2338,7,180,2,
2339,7,185,2,
2340,7,190,2,
2341,7,195,2,
2342,7,200,2,
2343,7,205,2,
2344,7,210,2,
2345,7,215,2,
2346,7,220,2,
2347,7,225,2,
2348,7,230,2,
2349,7,235,2,
2350,7,240,2,
2351,7,245,2,
2352,7,250,2,
2353,7,255,2,
2354,7,260,2,
2355,7,265,2,
2356,7,270,2,
2357,7,275,2,
2358,7,280,2,
2359,7,285,2,
2360,7,290,2,
2361,7,295,2,
2362,8,0,2,
2363,8,0.1,2,
2364,8,0.5,2,
2365,8,1,2,
2366,8,2,2,
2367,8,3,2,
2368,8,4,2,
2369,8,5,2,
2370,8,6,2,
2371,8,7,2,
2372,8,8,2,
2373,8,9,2,
2374,8,10,2,
2375,8,11,2,
2376,8,12,2,
2377,8,13,2,
2378,8,14,2,
2379,8,15,2,
2380,8,16,2,
2381,8,17,2,
2382,8,18,2,
2383,8,19,2,
2384,8,20,2,
2385,8,22,2,
2386,8,24,2,
2387,8,26,2,
2388,8,28,2,
2389,8,30,2,
2390,8,32,2,
2391,8,34,2,
2392,8,36,2,
2393,8,38,2,
2394,8,40,2,
2395,8,42,2,
2396,8,44,2,
2397,8,46,2,
2398,8,48,2,
2399,8,50,2,
2400,8,52,2,
2401,8,54,2,
2402,8,56,2,
2403,8,58,2,
2404,8,60,2,
2405,8,62,2,
2406,8,64,2,
2407,8,66,2,
2408,8,68,2,
2409,8,70,2,
2410,8,72,2,
2411,8,74,2,
2412,8,76,2,
2413,8,78,2,
2414,8,80,2,
2415,8,85,2,
2416,8,90,2,
2417,8,95,2,
2418,8,100,2,
2419,8,105,2,
2420,8,110,2,
2421,8,115,2,
2422,8,120,2,
2423,8,125,2,
2424,8,130,2,
2425,8,135,2,
2426,8,140,2,
2427,8,145,2,
2428,8,150,2,
2429,8,155,2,
2430,8,160,2,
2431,8,165,2,
2432,8,170,2,
2433,8,175,2,
2434,8,180,2,
2435,8,185,2,
2436,8,190,2,
2437,8,195,2,
2438,8,200,2,
2439,8,205,2,
2440,8,210,2,
2441,8,215,2,
2442,8,220,2,
2443,8,225,2,
2444,8,230,2,
2445,8,235,2,
2446,8,240,2,
2447,8,245,2,
2448,8,250,2,
2449,8,255,2,
2450,8,260,2,
2451,8,265,2,
2452,8,270,2,
2453,8,275,2,
2454,8,280,2,
2455,8,285,2,
2456,8,290,2,
2457,8,295,2,
2458,8,300,2,
2459,9,0,2,
2460,9,0.1,2,
2461,9,0.5,2,
2462,9,1,2,
2463,9,2,2,
2464,9,3,2,
2465,9,4,2,
2466,9,5,2,
2467,9,6,2,
2468,9,7,2,
2469,9,8,2,
2470,9,9,2,
2471,9,10,2,
2472,9,11,2,
2473,9,12,2,
2474,9,13,2,
2475,9,14,2,
2476,9,15,2,
2477,9,16,2,
2478,9,17,2,
2479,9,18,2,
2480,9,19,2,
2481,9,20,2,
2482,9,22,2,
2483,9,24,2,
2484,9,26,2,
2485,9,28,2,
2486,9,30,2,
2487,9,32,2,
2488,9,34,2,
2489,9,36,2,
2490,9,38,2,
2491,9,40,2,
2492,9,42,2,
2493,9,44,2,
2494,9,46,2,
2495,9,48,2,
2496,9,50,2,
2497,9,52,2,
2498,9,54,2,
2499,9,56,2,
2500,9,58,2,
2501,9,60,2,
2502,9,62,2,
2503,9,64,2,
2504,9,66,2,
2505,9,68,2,
2506,9,70,2,
2507,9,72,2,
2508,9,74,2,
2509,9,76,2,
2510,9,78,2,
2511,9,80,2,
2512,9,85,2,
2513,9,90,2,
2514,9,95,2,
2515,9,100,2,
2516,9,105,2,
2517,9,110,2,
2518,9,115,2,
2519,9,120,2,
2520,9,125,2,
2521,9,130,2,
2522,9,135,2,
2523,9,140,2,
2524,9,145,2,
2525,9,150,2,
2526,9,155,2,
2527,9,160,2,
2528,9,165,2,
2529,9,170,2,
2530,9,175,2,
2531,9,180,2,
2532,9,185,2,
2533,9,190,2,
2534,9,195,2,
2535,9,200,2,
2536,9,205,2,
2537,9,210,2,
2538,9,215,2,
2539,9,220,2,
2540,9,225,2,
2541,9,230,2,
2542,9,235,2,
2543,9,240,2,
2544,9,245,2,
2545,9,250,2,
2546,9,255,2,
2547,9,260,2,
2548,9,265,2,
2549,9,270,2,
2550,9,275,2,
2551,9,280,2,
2552,9,285,2,
2553,9,290,2,
2554,9,295,2,
2555,9,300,2,
2556,10,0,2,
2557,10,0.1,2,
2558,10,0.5,2,
2559,10,1,2,
2560,10,2,2,
2561,10,3,2,
2562,10,4,2,
2563,10,5,2,
2564,10,6,2,
2565,10,7,2,
2566,10,8,2,
2567,10,9,2,
2568,10,10,2,
2569,10,11,2,
2570,10,12,2,
2571,10,13,2,
2572,10,14,2,
2573,10,15,2,
2574,10,16,2,
2575,10,17,2,
2576,10,18,2,
2577,10,19,2,
2578,10,20,2,
2579,10,22,2,
2580,10,24,2,
2581,10,26,2,
2582,10,28,2,
2583,10,30,2,
2584,10,32,2,
2585,10,34,2,
2586,10,36,2,
2587,10,38,2,
2588,10,40,2,
2589,10,42,2,
2590,10,44,2,
2591,10,46,2,
2592,10,48,2,
2593,10,50,2,
2594,10,52,2,
2595,10,54,2,
2596,10,56,2,
2597,10,58,2,
2598,10,60,2,
2599,10,62,2,
2600,10,64,2,
2601,10,66,2,
2602,10,68,2,
2603,10,70,2,
2604,10,72,2,
2605,10,74,2,
2606,10,76,2,
2607,10,78,2,
2608,10,80,2,
2609,10,85,2,
2610,10,90,2,
2611,10,95,2,
2612,10,100,2,
2613,10,105,2,
2614,10,110,2,
2615,10,115,2,
2616,10,120,2,
2617,10,125,2,
2618,10,130,2,
2619,10,135,2,
2620,10,140,2,
2621,10,145,2,
2622,10,150,2,
2623,10,155,2,
2624,10,160,2,
2625,10,165,2,
2626,10,170,2,
2627,10,175,2,
2628,10,180,2,
2629,10,185,2,
2630,10,190,2,
2631,10,195,2,
2632,10,200,2,
2633,10,205,2,
2634,10,210,2,
2635,10,215,2,
2636,10,220,2,
2637,10,225,2,
2638,10,230,2,
2639,10,235,2,
2640,10,240,2,
2641,10,245,2,
2642,10,250,2,
2643,10,255,2,
2644,10,260,2,
2645,10,265,2,
2646,10,270,2,
2647,10,275,2,
2648,10,280,2,
2649,10,285,2,
2650,10,290,2,
2651,10,295,2,
2652,10,300,2,
2653,11,0,2,
2654,11,0.1,2,
2655,11,0.5,2,
2656,11,1,2,
2657,11,2,2,
2658,11,3,2,
2659,11,4,2,
2660,11,5,2,
2661,11,6,2,
2662,11,7,2,
2663,11,8,2,
2664,11,9,2,
2665,11,10,2,
2666,11,11,2,
2667,11,12,2,
2668,11,13,2,
2669,11,14,2,
2670,11,15,2,
2671,11,16,2,
2672,11,17,2,
2673,11,18,2,
2674,11,19,2,
2675,11,20,2,
2676,11,22,2,
2677,11,24,2,
2678,11,26,2,
2679,11,28,2,
2680,11,30,2,
2681,11,32,2,
2682,11,34,2,
2683,11,36,2,
2684,11,38,2,
2685,11,40,2,
2686,11,42,2,
2687,11,44,2,
2688,11,46,2,
2689,11,48,2,
2690,11,50,2,
2691,11,52,2,
2692,11,54,2,
2693,11,56,2,
2694,11,58,2,
2695,11,60,2,
2696,11,62,2,
2697,11,64,2,
2698,11,66,2,
2699,11,68,2,
2700,11,70,2,
2701,11,72,2,
2702,11,74,2,
2703,11,76,2,
2704,11,78,2,
2705,11,80,2,
2706,11,85,2,
2707,11,90,2,
2708,11,95,2,
2709,11,100,2,
2710,11,105,2,
2711,11,110,2,
2712,11,115,2,
2713,11,120,2,
2714,11,125,2,
2715,11,130,2,
2716,11,135,2,
2717,11,140,2,
2718,11,145,2,
2719,11,150,2,
2720,11,155,2,
2721,11,160,2,
2722,11,165,2,
2723,11,170,2,
2724,11,175,2,
2725,11,180,2,
2726,11,185,2,
2727,11,190,2,
2728,11,195,2,
2729,11,200,2,
2730,11,205,2,
2731,11,210,2,
2732,11,215,2,
2733,11,220,2,
2734,11,225,2,
2735,11,230,2,
2736,11,235,2,
2737,11,240,2,
2738,11,245,2,
2739,11,250,2,
2740,11,255,2,
2741,11,260,2,
2742,11,265,2,
2743,11,270,2,
2744,11,275,2,
2745,11,280,2,
2746,11,285,2,
2747,11,290,2,
2748,11,295,2,
2749,11,300,2,
2750,12,0,2,
2751,12,0.1,2,
2752,12,0.5,2,
2753,12,1,2,
2754,12,2,2,
2755,12,3,2,
2756,12,4,2,
2757,12,5,2,
2758,12,6,2,
2759,12,7,2,
2760,12,8,2,
2761,12,9,2,
2762,12,10,2,
2763,12,11,2,
2764,12,12,2,
2765,12,13,2,
2766,12,14,2,
2767,12,15,2,
2768,12,16,2,
2769,12,17,2,
2770,12,18,2,
2771,12,19,2,
2772,12,20,2,
2773,12,22,2,
2774,12,24,2,
2775,12,26,2,
2776,12,28,2,
2777,12,30,2,
2778,12,32,2,
2779,12,34,2,
2780,12,36,2,
2781,12,38,2,
2782,12,40,2,
2783,12,42,2,
2784,12,44,2,
2785,12,46,2,
2786,12,48,2,
2787,12,50,2,
2788,12,52,2,
2789,12,54,2,
2790,12,56,2,
2791,12,58,2,
2792,12,60,2,
2793,12,62,2,
2794,12,64,2,
2795,12,66,2,
2796,12,68,2,
2797,12,70,2,
2798,12,72,2,
2799,12,74,2,
2800,12,76,2,
2801,12,78,2,
2802,12,80,2,
2803,12,85,2,
2804,12,90,2,
2805,12,95,2,
2806,12,100,2,
2807,12,105,2,
2808,12,110,2,
2809,12,115,2,
2810,12,120,2,
2811,12,125,2,
2812,12,130,2,
2813,12,135,2,
2814,12,140,2,
2815,12,145,2,
2816,12,150,2,
2817,12,155,2,
2818,12,160,2,
2819,12,165,2,
2820,12,170,2,
2821,12,175,2,
2822,12,180,2,
2823,12,185,2,
2824,12,190,2,
2825,12,195,2,
2826,12,200,2,
2827,12,205,2,
2828,12,210,2,
2829,12,215,2,
2830,12,220,2,
2831,12,225,2,
2832,12,230,2,
2833,12,235,2,
2834,12,240,2,
2835,12,245,2,
2836,12,250,2,
2837,12,255,2,
2838,12,260,2,
2839,12,265,2,
2840,12,270,2,
2841,12,275,2,
2842,12,280,2,
2843,12,285,2,
2844,12,290,2,
2845,12,295,2,
2846,12,300,2,
2847,14,0,2,
2848,14,0.1,2,
2849,14,0.5,2,
2850,14,1,2,
2851,14,2,2,
2852,14,3,2,
2853,14,4,2,
2854,14,5,2,
2855,14,6,2,
2856,14,7,2,
2857,14,8,2,
2858,14,9,2,
2859,14,10,2,
2860,14,11,2,
2861,14,12,2,
2862,14,13,2,
2863,14,14,2,
2864,14,15,2,
2865,14,16,2,
2866,14,17,2,
2867,14,18,2,
2868,14,19,2,
2869,14,20,2,
2870,14,22,2,
2871,14,24,2,
2872,14,26,2,
2873,14,28,2,
2874,14,30,2,
2875,14,32,2,
2876,14,34,2,
2877,14,36,2,
2878,14,38,2,
2879,14,40,2,
2880,14,42,2,
2881,14,44,2,
2882,14,46,2,
2883,14,48,2,
2884,14,50,2,
2885,14,52,2,
2886,14,54,2,
2887,14,56,2,
2888,14,58,2,
2889,14,60,2,
2890,14,62,2,
2891,14,64,2,
2892,14,66,2,
2893,14,68,2,
2894,14,70,2,
2895,14,72,2,
2896,14,74,2,
2897,14,76,2,
2898,14,78,2,
2899,14,80,2,
2900,14,85,2,
2901,14,90,2,
2902,14,95,2,
2903,14,100,2,
2904,14,105,2,
2905,14,110,2,
2906,14,115,2,
2907,14,120,2,
2908,14,125,2,
2909,14,130,2,
2910,14,135,2,
2911,14,140,2,
2912,14,145,2,
2913,14,150,2,
2914,14,155,2,
2915,14,160,2,
2916,14,165,2,
2917,14,170,2,
2918,14,175,2,
2919,14,180,2,
2920,14,185,2,
2921,14,190,2,
2922,14,195,2,
2923,14,200,2,
2924,14,205,2,
2925,14,210,2,
2926,14,215,2,
2927,14,220,2,
2928,14,225,2,
2929,14,230,2,
2930,14,235,2,
2931,14,240,2,
2932,14,245,2,
2933,14,250,2,
2934,14,255,2,
2935,14,260,2,
2936,14,265,2,
2937,14,270,2,
2938,14,275,2,
2939,14,280,2,
2940,14,285,2,
2941,14,290,2,
2942,14,295,2,
2943,14,300,2,
2944,16,0,2,
2945,16,0.1,2,
2946,16,0.5,2,
2947,16,1,2,
2948,16,2,2,
2949,16,3,2,
2950,16,4,2,
2951,16,5,2,
2952,16,6,2,
2953,16,7,2,
2954,16,8,2,
2955,16,9,2,
2956,16,10,2,
2957,16,11,2,
2958,16,12,2,
2959,16,13,2,
2960,16,14,2,
2961,16,15,2,
2962,16,16,2,
2963,16,17,2,
2964,16,18,2,
2965,16,19,2,
2966,16,20,2,
2967,16,22,2,
2968,16,24,2,
2969,16,26,2,
2970,16,28,2,
2971,16,30,2,
2972,16,32,2,
2973,16,34,2,
2974,16,36,2,
2975,16,38,2,
2976,16,40,2,
2977,16,42,2,
2978,16,44,2,
2979,16,46,2,
2980,16,48,2,
2981,16,50,2,
2982,16,52,2,
2983,16,54,2,
2984,16,56,2,
2985,16,58,2,
2986,16,60,2,
2987,16,62,2,
2988,16,64,2,
2989,16,66,2,
2990,16,68,2,
2991,16,70,2,
2992,16,72,2,
2993,16,74,2,
2994,16,76,2,
2995,16,78,2,
2996,16,80,2,
2997,16,85,2,
2998,16,90,2,
2999,16,95,2,
3000,16,100,2,
3001,16,105,2,
3002,16,110,2,
3003,16,115,2,
3004,16,120,2,
3005,16,125,2,
3006,16,130,2,
3007,16,135,2,
3008,16,140,2,
3009,16,145,2,
3010,16,150,2,
3011,16,155,2,
3012,16,160,2,
3013,16,165,2,
3014,16,170,2,
3015,16,175,2,
3016,16,180,2,
3017,16,185,2,
3018,16,190,2,
3019,16,195,2,
3020,16,200,2,
3021,16,205,2,
3022,16,210,2,
3023,16,215,2,
3024,16,220,2,
3025,16,225,2,
3026,16,230,2,
3027,16,235,2,
3028,16,240,2,
3029,16,245,2,
3030,16,250,2,
3031,16,255,2,
3032,16,260,2,
3033,16,265,2,
3034,16,270,2,
3035,16,275,2,
3036,16,280,2,
3037,16,285,2,
3038,16,290,2,
3039,16,295,2,
3040,16,300,2,
3041,18,0,2,
3042,18,0.1,2,
3043,18,0.5,2,
3044,18,1,2,
3045,18,2,2,
3046,18,3,2,
3047,18,4,2,
3048,18,5,2,
3049,18,6,2,
3050,18,7,2,
3051,18,8,2,
3052,18,9,2,
3053,18,10,2,
3054,18,11,2,
3055,18,12,2,
3056,18,13,2,
3057,18,14,2,
3058,18,15,2,
3059,18,16,2,
3060,18,17,2,
3061,18,18,2,
3062,18,19,2,
3063,18,20,2,
3064,18,22,2,
3065,18,24,2,
3066,18,26,2,
3067,18,28,2,
3068,18,30,2,
3069,18,32,2,
3070,18,34,2,
3071,18,36,2,
3072,18,38,2,
3073,18,40,2,
3074,18,42,2,
3075,18,44,2,
3076,18,46,2,
3077,18,48,2,
3078,18,50,2,
3079,18,52,2,
3080,18,54,2,
3081,18,56,2,
3082,18,58,2,
3083,18,60,2,
3084,18,62,2,
3085,18,64,2,
3086,18,66,2,
3087,18,68,2,
3088,18,70,2,
3089,18,72,2,
3090,18,74,2,
3091,18,76,2,
3092,18,78,2,
3093,18,80,2,
3094,18,85,2,
3095,18,90,2,
3096,18,95,2,
3097,18,100,2,
3098,18,105,2,
3099,18,110,2,
3100,18,115,2,
3101,18,120,2,
3102,18,125,2,
3103,18,130,2,
3104,18,135,2,
3105,18,140,2,
3106,18,145,2,
3107,18,150,2,
3108,18,155,2,
3109,18,160,2,
3110,18,165,2,
3111,18,170,2,
3112,18,175,2,
3113,18,180,2,
3114,18,185,2,
3115,18,190,2,
3116,18,195,2,
3117,18,200,2,
3118,18,205,2,
3119,18,210,2,
3120,18,215,2,
3121,18,220,2,
3122,18,225,2,
3123,18,230,2,
3124,18,235,2,
3125,18,240,2,
3126,18,245,2,
3127,18,250,2,
3128,18,255,2,
3129,18,260,2,
3130,18,265,2,
3131,18,270,2,
3132,18,275,2,
3133,18,280,2,
3134,18,285,2,
3135,18,290,2,
3136,18,295,2,
3137,18,300,2,
3138,20,0,2,
3139,20,0.1,2,
3140,20,0.5,2,
3141,20,1,2,
3142,20,2,2,
3143,20,3,2,
3144,20,4,2,
3145,20,5,2,
3146,20,6,2,
3147,20,7,2,
3148,20,8,2,
3149,20,9,2,
3150,20,10,2,
3151,20,11,2,
3152,20,12,2,
3153,20,13,2,
3154,20,14,2,
3155,20,15,2,
3156,20,16,2,
3157,20,17,2,
3158,20,18,2,
3159,20,19,2,
3160,20,20,2,
3161,20,22,2,
3162,20,24,2,
3163,20,26,2,
3164,20,28,2,
3165,20,30,2,
3166,20,32,2,
3167,20,34,2,
3168,20,36,2,
3169,20,38,2,
3170,20,40,2,
3171,20,42,2,
3172,20,44,2,
3173,20,46,2,
3174,20,48,2,
3175,20,50,2,
3176,20,52,2,
3177,20,54,2,
3178,20,56,2,
3179,20,58,2,
3180,20,60,2,
3181,20,62,2,
3182,20,64,2,
3183,20,66,2,
3184,20,68,2,
3185,20,70,2,
3186,20,72,2,
3187,20,74,2,
3188,20,76,2,
3189,20,78,2,
3190,20,80,2,
3191,20,85,2,
3192,20,90,2,
3193,20,95,2,
3194,20,100,2,
3195,20,105,2,
3196,20,110,2,
3197,20,115,2,
3198,20,120,2,
3199,20,125,2,
3200,20,130,2,
3201,20,135,2,
3202,20,140,2,
3203,20,145,2,
3204,20,150,2,
3205,20,155,2,
3206,20,160,2,
3207,20,165,2,
3208,20,170,2,
3209,20,175,2,
3210,20,180,2,
3211,20,185,2,
3212,20,190,2,
3213,20,195,2,
3214,20,200,2,
3215,20,205,2,
3216,20,210,2,
3217,20,215,2,
3218,20,220,2,
3219,20,225,2,
3220,20,230,2,
3221,20,235,2,
3222,20,240,2,
3223,20,245,2,
3224,20,250,2,
3225,20,255,2,
3226,20,260,2,
3227,20,265,2,
3228,20,270,2,
3229,20,275,2,
3230,20,280,2,
3231,20,285,2,
3232,20,290,2,
3233,20,295,2,
3234,20,300,2,
3235,24.5,0,1,
3236,24.5,0.1,1,
3237,24.5,0.5,1,
3238,24.5,1,1,
3239,24.5,2,1,
3240,24.5,3,1,
3241,24.5,4,1,
3242,24.5,5,1,
3243,24.5,6,1,
3244,24.5,7,1,
3245,24.5,8,1,
3246,24.5,9,1,
3247,24.5,10,1,
3248,24.5,11,1,
3249,24.5,12,1,
3250,24.5,13,1,
3251,24.5,14,1,
3252,24.5,15,1,
3253,24.5,16,1,
3254,24.5,17,1,
3255,24.5,18,1,
3256,24.5,19,1,
3257,24.5,20,1,
3258,24.5,22,1,
3259,24.5,24,1,
3260,24.5,26,1,
3261,24.5,28,1,
3262,24.5,30,1,
3263,24.5,32,1,
3264,24.5,34,1,
3265,24.5,36,1,
3266,24.5,38,1,
3267,24.5,40,1,
3268,24.5,42,1,
3269,24.5,44,1,
3270,24.5,46,1,
3271,24.5,48,1,
3272,24.5,50,1,
3273,24.5,52,1,
3274,24.5,54,1,
3275,24.5,56,1,
3276,24.5,58,1,
3277,24.5,60,1,
3278,24.5,62,1,
3279,24.5,64,1,
3280,24.5,66,1,
3281,24.5,68,1,
3282,24.5,70,1,
3283,24.5,72,1,
3284,24.5,74,1,
3285,24.5,76,1,
3286,24.5,78,1,
3287,24.5,80,1,
3288,24.5,85,1,
3289,24.5,90,1,
3290,24.5,95,1,
3291,24.5,100,1,
3292,24.5,105,1,
3293,24.5,110,1,
3294,24.5,115,1,
3295,24.5,120,1,
3296,24.5,125,1,
3297,24.5,130,1,
3298,24.5,135,1,
3299,24.5,140,1,
3300,24.5,145,1,
3301,24.5,150,1,
3302,24.5,155,1,
3303,24.5,160,1,
3304,24.5,165,1,
3305,24.5,170,1,
3306,24.5,175,1,
3307,24.5,180,1,
3308,24.5,185,1,
3309,24.5,190,1,
3310,24.5,195,1,
3311,24.5,200,1,
3312,24.5,205,1,
3313,24.5,210,1,
3314,24.5,215,1,
3315,24.5,220,1,
3316,24.5,225,1,
3317,24.5,230,1,
3318,24.5,235,1,
3319,24.5,240,1,
3320,24.5,245,1,
3321,24.5,250,1,
3322,24.5,255,1,
3323,24.5,260,1,
3324,24.5,265,1,
3325,24.5,270,1,
3326,24.5,275,1,
3327,24.5,280,1,
3328,24.5,285,1,
3329,24.5,290,1,
3330,24.5,295,1,
3331,24.5,300,1,
3332,24.5,0,2,
3333,24.5,0.1,2,
3334,24.5,0.5,2,
3335,24.5,1,2,
3336,24.5,2,2,
3337,24.5,3,2,
3338,24.5,4,2,
3339,24.5,5,2,
3340,24.5,6,2,
3341,24.5,7,2,
3342,24.5,8,2,
3343,24.5,9,2,
3344,24.5,10,2,
3345,24.5,11,2,
3346,24.5,12,2,
3347,24.5,13,2,
3348,24.5,14,2,
3349,24.5,15,2,
3350,24.5,16,2,
3351,24.5,17,2,
3352,24.5,18,2,
3353,24.5,19,2,
3354,24.5,20,2,
3355,24.5,22,2,
3356,24.5,24,2,
3357,24.5,26,2,
3358,24.5,28,2,
3359,24.5,30,2,
3360,24.5,32,2,
3361,24.5,34,2,
3362,24.5,36,2,
3363,24.5,38,2,
3364,24.5,40,2,
3365,24.5,42,2,
3366,24.5,44,2,
3367,24.5,46,2,
3368,24.5,48,2,
3369,24.5,50,2,
3370,24.5,52,2,
3371,24.5,54,2,
3372,24.5,56,2,
3373,24.5,58,2,
3374,24.5,60,2,
3375,24.5,62,2,
3376,24.5,64,2,
3377,24.5,66,2,
3378,24.5,68,2,
3379,24.5,70,2,
3380,24.5,72,2,
3381,24.5,74,2,
3382,24.5,76,2,
3383,24.5,78,2,
3384,24.5,80,2,
3385,24.5,85,2,
3386,24.5,90,2,
3387,24.5,95,2,
3388,24.5,100,2,
3389,24.5,105,2,
3390,24.5,110,2,
3391,24.5,115,2,
3392,24.5,120,2,
3393,24.5,125,2,
3394,24.5,130,2,
3395,24.5,135,2,
3396,24.5,140,2,
3397,24.5,145,2,
3398,24.5,150,2,
3399,24.5,155,2,
3400,24.5,160,2,
3401,24.5,165,2,
3402,24.5,170,2,
3403,24.5,175,2,
3404,24.5,180,2,
3405,24.5,185,2,
3406,24.5,190,2,
3407,24.5,195,2,
3408,24.5,200,2,
3409,24.5,205,2,
3410,24.5,210,2,
3411,24.5,215,2,
3412,24.5,220,2,
3413,24.5,225,2,
3414,24.5,230,2,
3415,24.5,235,2,
3416,24.5,240,2,
3417,24.5,245,2,
3418,24.5,250,2,
3419,24.5,255,2,
3420,24.5,260,2,
3421,24.5,265,2,
3422,24.5,270,2,
3423,24.5,275,2,
3424,24.5,280,2,
3425,24.5,285,2,
3426,24.5,290,2,
3427,24.5,295,2,
3428,24.5,300,2,
